2016-03-26 12:56:41.491284;paraLine;['julian', 'nike', 'nadja', 'line'];['lana_0_0.npz', 'lana_1_0.npz', 'stephan_0_2.npz', 'stephan_1_2.npz'];<function calc1MinusF1Average at 0x7f03ea7b7cf8>;TrainError;0.304399524562;meanF1Score;0.74271678645382011;usedGestures;[0, 1, 2, 3, 4, 5];_instance;1;inputSignals;FGA;useNormalized;2;input_scaling;1.8000000000000003;output_dim;400;spectral_radius;0.69000000000000006;useSparse;True;leakRate;0.2;SparseNode;_instance;[1];output_dim;[400];useNormalized;[2];useSparse;[True];leak_rate;[0.2];input_scaling;[1.8];spectral_radius;[0.69];inputSignals;[FGA];RidgeRegressionNode;ridge_param;[0.001];gridSpace:;input_scaling;[ 0.2  0.6  1.   1.4  1.8];useNormalized;[2];_instance;[0, 1, 2];output_dim;[400, 800];leak_rate;[1, 0.8, 0.2];useSparse;[True];spectral_radius;[ 0.09  0.39  0.69  0.99];inputSignals;['FGA'];ridge_param;[1e-06, 0.001];paraList;[array([ 0.2,  0.6,  1. ,  1.4,  1.8]), [2], [0, 1, 2], [400, 800], [1, 0.8, 0.2], [True], array([ 0.09,  0.39,  0.69,  0.99]), ['FGA'], [1e-06, 0.001]];=HYPERLINK("/informatik2/students/home/2tietz/pythonProjects/BA_Analysis2/BA_Analysis/results/pdf/2016-03-26-12-56_paraLine.pdf");=HYPERLINK("/informatik2/students/home/2tietz/pythonProjects/BA_Analysis2/BA_Analysis/results/npz/2016-03-26-12-56_paraLine.npz")
2016-03-26 17:12:13.085520;paraSnap;['julian', 'nike', 'nadja', 'line'];['lana_0_0.npz', 'lana_1_0.npz', 'stephan_0_2.npz', 'stephan_1_2.npz'];<function calc1MinusF1Average at 0x7fafbc191cf8>;TrainError;0.271651395768;meanF1Score;0.82756513005768384;usedGestures;[0, 1, 2, 3, 4];_instance;1;inputSignals;FGA;useNormalized;2;input_scaling;1.8000000000000003;output_dim;400;spectral_radius;0.9900000000000001;useSparse;True;leakRate;0.2;RidgeRegressionNode;ridge_param;[1e-06];SparseNode;_instance;[1];output_dim;[400];useNormalized;[2];useSparse;[True];leak_rate;[0.2];input_scaling;[1.8];spectral_radius;[0.99];inputSignals;[FGA];gridSpace:;input_scaling;[ 0.2  0.6  1.   1.4  1.8];useNormalized;[2];_instance;[0, 1, 2];output_dim;[400, 800];leak_rate;[1, 0.8, 0.2];useSparse;[True];spectral_radius;[ 0.09  0.39  0.69  0.99];inputSignals;['FGA'];ridge_param;[1e-06, 0.001];paraList;[[1e-06, 0.001], array([ 0.2,  0.6,  1. ,  1.4,  1.8]), [2], [0, 1, 2], [400, 800], [1, 0.8, 0.2], [True], array([ 0.09,  0.39,  0.69,  0.99]), ['FGA']];=HYPERLINK("/informatik2/students/home/2tietz/pythonProjects/BA_Analysis2/BA_Analysis/results/pdf/2016-03-26-17-12_paraSnap.pdf");=HYPERLINK("/informatik2/students/home/2tietz/pythonProjects/BA_Analysis2/BA_Analysis/results/npz/2016-03-26-17-12_paraSnap.npz")
2016-03-27 16:56:11.937196;onlySnap;['julian', 'nike', 'nadja', 'line'];['lana_0_0.npz', 'lana_1_0.npz', 'stephan_0_2.npz', 'stephan_1_2.npz'];<function calc1MinusF1Average at 0x7fd53cef3cf8>;TrainError;0.178826969384;meanF1Score;0.75290728205229551;usedGestures;[0, 1, 2, 3];_instance;1;inputSignals;FGA;useNormalized;2;input_scaling;1.4000000000000001;output_dim;400;spectral_radius;0.69000000000000006;useSparse;True;leakRate;0.2;RidgeRegressionNode;ridge_param;[0.001];SparseNode;_instance;[1];output_dim;[400];useNormalized;[2];useSparse;[True];leak_rate;[0.2];input_scaling;[1.4];spectral_radius;[0.69];inputSignals;[FGA];gridSpace:;input_scaling;[ 0.2  0.6  1.   1.4  1.8];useNormalized;[2];_instance;[0, 1, 2];output_dim;[400, 800];leak_rate;[1, 0.8, 0.2];useSparse;[True];spectral_radius;[ 0.09  0.39  0.69  0.99];inputSignals;['FGA'];ridge_param;[1e-06, 0.001];paraList;[[1e-06, 0.001], array([ 0.2,  0.6,  1. ,  1.4,  1.8]), [2], [0, 1, 2], [400, 800], [1, 0.8, 0.2], [True], array([ 0.09,  0.39,  0.69,  0.99]), ['FGA']];=HYPERLINK("/informatik2/students/home/2tietz/pythonProjects/BA_Analysis2/BA_Analysis/results/pdf/2016-03-27-16-56_onlySnap.pdf");=HYPERLINK("/informatik2/students/home/2tietz/pythonProjects/BA_Analysis2/BA_Analysis/results/npz/2016-03-27-16-56_onlySnap.npz")
2016-03-27 17:57:33.958590;onlyBounce;['julian', 'nike', 'nadja', 'line'];['lana_0_0.npz', 'lana_1_0.npz', 'stephan_0_2.npz', 'stephan_1_2.npz'];<function calc1MinusF1Average at 0x7f86d085dcf8>;TrainError;0.0701039586489;meanF1Score;nan;usedGestures;[4, 5];_instance;1;inputSignals;FGA;useNormalized;2;input_scaling;0.60000000000000009;output_dim;400;spectral_radius;0.9900000000000001;useSparse;True;leakRate;0.8;RidgeRegressionNode;ridge_param;[0.001];SparseNode;_instance;[1];output_dim;[400];useNormalized;[2];useSparse;[True];leak_rate;[0.8];input_scaling;[0.6];spectral_radius;[0.99];inputSignals;[FGA];gridSpace:;input_scaling;[ 0.2  0.6  1.   1.4  1.8];useNormalized;[2];_instance;[0, 1, 2];output_dim;[400, 800];leak_rate;[1, 0.8, 0.2];useSparse;[True];spectral_radius;[ 0.09  0.39  0.69  0.99];inputSignals;['FGA'];ridge_param;[1e-06, 0.001];paraList;[[1e-06, 0.001], array([ 0.2,  0.6,  1. ,  1.4,  1.8]), [2], [0, 1, 2], [400, 800], [1, 0.8, 0.2], [True], array([ 0.09,  0.39,  0.69,  0.99]), ['FGA']];=HYPERLINK("/informatik2/students/home/2tietz/pythonProjects/BA_Analysis2/BA_Analysis/results/pdf/2016-03-27-17-57_onlyBounce.pdf");=HYPERLINK("/informatik2/students/home/2tietz/pythonProjects/BA_Analysis2/BA_Analysis/results/npz/2016-03-27-17-57_onlyBounce.npz")
2016-03-28 13:13:06.594784;snap;['julian', 'nike', 'nadja', 'line'];['lana_0_0.npz', 'lana_1_0.npz', 'stephan_0_2.npz', 'stephan_1_2.npz'];<function calc1MinusF1Average at 0x7f61ec24ccf8>;TrainError;0.272161641608;meanF1Score;nan;usedGestures;[8, 9];_instance;1;inputSignals;FGA;useNormalized;0;input_scaling;0.20000000000000001;output_dim;400;spectral_radius;0.99000000000000021;useSparse;True;leak_rate;0.2;ridge_param;1;RidgeRegressionNode;ridge_param;[1];SparseNode;_instance;[1];output_dim;[400];useNormalized;[0];useSparse;[True];leak_rate;[0.2];input_scaling;[0.2];spectral_radius;[0.99];inputSignals;[FGA];gridSpace:;input_scaling;[ 0.2  0.6  1.   1.4  1.8];useNormalized;[0, 1, 2];_instance;[0, 1, 2];output_dim;[400];leak_rate;[1, 0.6, 0.2];useSparse;[True];spectral_radius;[ 0.19  0.59  0.99  1.39];inputSignals;['FGA'];ridge_param;[0.0001, 0.01, 1];paraList;[[0.0001, 0.01, 1], array([ 0.2,  0.6,  1. ,  1.4,  1.8]), [0, 1, 2], [0, 1, 2], [400], [1, 0.6, 0.2], [True], array([ 0.19,  0.59,  0.99,  1.39]), ['FGA']];=HYPERLINK("/informatik2/students/home/2tietz/pythonProjects/BA_Analysis2/BA_Analysis/results/pdf/2016-03-28-13-13_snap.pdf");=HYPERLINK("/informatik2/students/home/2tietz/pythonProjects/BA_Analysis2/BA_Analysis/results/npz/2016-03-28-13-13_snap.npz")
2016-03-28 14:30:30.159997;snap;['julian', 'nike', 'nadja', 'line'];['lana_0_0.npz', 'lana_1_0.npz', 'stephan_0_2.npz', 'stephan_1_2.npz'];<function calc1MinusF1Average at 0x7fcc90650d70>;TrainError;0.433942680119;meanF1Score;0.51050095319546118;usedGestures;[0, 1, 2, 3];_instance;1;inputSignals;FGA;useNormalized;1;input_scaling;0.20000000000000001;output_dim;400;spectral_radius;0.59000000000000008;useSparse;True;leak_rate;0.2;ridge_param;0.0001;SparseNode;_instance;[1];output_dim;[400];useNormalized;[1];useSparse;[True];leak_rate;[0.2];input_scaling;[0.2];spectral_radius;[0.59];inputSignals;[FGA];RidgeRegressionNode;ridge_param;[0.0001];gridSpace:;input_scaling;[ 0.2  0.6  1.   1.4  1.8];useNormalized;[0, 1, 2];_instance;[0, 1, 2];output_dim;[400];leak_rate;[1, 0.6, 0.2];useSparse;[True];spectral_radius;[ 0.19  0.59  0.99  1.39];inputSignals;['FGA'];ridge_param;[0.0001, 0.01, 1];paraList;[array([ 0.2,  0.6,  1. ,  1.4,  1.8]), [0, 1, 2], [0, 1, 2], [400], [1, 0.6, 0.2], [True], array([ 0.19,  0.59,  0.99,  1.39]), ['FGA'], [0.0001, 0.01, 1]];=HYPERLINK("/informatik2/students/home/2tietz/pythonProjects/BA_Analysis2/BA_Analysis/results/pdf/2016-03-28-14-30_snap.pdf");=HYPERLINK("/informatik2/students/home/2tietz/pythonProjects/BA_Analysis2/BA_Analysis/results/npz/2016-03-28-14-30_snap.npz")
2016-03-28 15:19:27.161251;bounce;['julian', 'nike', 'nadja', 'line'];['lana_0_0.npz', 'lana_1_0.npz', 'stephan_0_2.npz', 'stephan_1_2.npz'];<function calc1MinusF1Average at 0x7fcc90650d70>;TrainError;0.380808328651;meanF1Score;nan;usedGestures;[4, 5];_instance;2;inputSignals;FGA;useNormalized;0;input_scaling;0.20000000000000001;output_dim;400;spectral_radius;0.99000000000000021;useSparse;True;leak_rate;0.2;ridge_param;0.01;SparseNode;_instance;[2];output_dim;[400];useNormalized;[0];useSparse;[True];leak_rate;[0.2];input_scaling;[0.2];spectral_radius;[0.99];inputSignals;[FGA];RidgeRegressionNode;ridge_param;[0.01];gridSpace:;input_scaling;[ 0.2  0.6  1.   1.4  1.8];useNormalized;[0, 1, 2];_instance;[0, 1, 2];output_dim;[400];leak_rate;[1, 0.6, 0.2];useSparse;[True];spectral_radius;[ 0.19  0.59  0.99  1.39];inputSignals;['FGA'];ridge_param;[0.0001, 0.01, 1];paraList;[array([ 0.2,  0.6,  1. ,  1.4,  1.8]), [0, 1, 2], [0, 1, 2], [400], [1, 0.6, 0.2], [True], array([ 0.19,  0.59,  0.99,  1.39]), ['FGA'], [0.0001, 0.01, 1]];=HYPERLINK("/informatik2/students/home/2tietz/pythonProjects/BA_Analysis2/BA_Analysis/results/pdf/2016-03-28-15-19_bounce.pdf");=HYPERLINK("/informatik2/students/home/2tietz/pythonProjects/BA_Analysis2/BA_Analysis/results/npz/2016-03-28-15-19_bounce.npz")
2016-03-28 16:08:54.398302;shake;['julian', 'nike', 'nadja', 'line'];['lana_0_0.npz', 'lana_1_0.npz', 'stephan_0_2.npz', 'stephan_1_2.npz'];<function calc1MinusF1Average at 0x7fcc90650d70>;TrainError;0.294299382535;meanF1Score;nan;usedGestures;[8, 9];_instance;1;inputSignals;FGA;useNormalized;0;input_scaling;0.20000000000000001;output_dim;400;spectral_radius;0.99000000000000021;useSparse;True;leak_rate;0.2;ridge_param;0.01;RidgeRegressionNode;ridge_param;[0.01];SparseNode;_instance;[1];output_dim;[400];useNormalized;[0];useSparse;[True];leak_rate;[0.2];input_scaling;[0.2];spectral_radius;[0.99];inputSignals;[FGA];gridSpace:;input_scaling;[ 0.2  0.6  1.   1.4  1.8];useNormalized;[0, 1, 2];_instance;[0, 1, 2];output_dim;[400];leak_rate;[1, 0.6, 0.2];useSparse;[True];spectral_radius;[ 0.19  0.59  0.99  1.39];inputSignals;['FGA'];ridge_param;[0.0001, 0.01, 1];paraList;[[0.0001, 0.01, 1], array([ 0.2,  0.6,  1. ,  1.4,  1.8]), [0, 1, 2], [0, 1, 2], [400], [1, 0.6, 0.2], [True], array([ 0.19,  0.59,  0.99,  1.39]), ['FGA']];=HYPERLINK("/informatik2/students/home/2tietz/pythonProjects/BA_Analysis2/BA_Analysis/results/pdf/2016-03-28-16-08_shake.pdf");=HYPERLINK("/informatik2/students/home/2tietz/pythonProjects/BA_Analysis2/BA_Analysis/results/npz/2016-03-28-16-08_shake.npz")
2016-03-29 00:52:34.982244;smallReservoir;['julian', 'nike', 'nadja', 'line'];['lana_0_0.npz', 'lana_1_0.npz', 'stephan_0_2.npz', 'stephan_1_2.npz'];<function calc1MinusF1Average at 0x7fab1a990320>;TrainError;0.218907175105;meanF1Score;0.64771774957816153;usedGestures;[0, 1, 2, 3];_instance;2;inputSignals;F;useNormalized;1;input_scaling;0.80000000000000004;output_dim;400;spectral_radius;0.90000000000000013;useSparse;True;leak_rate;0.1;ridge_param;1e-09;RidgeRegressionNode;ridge_param;[1e-09];SparseNode;_instance;[2];output_dim;[400];useNormalized;[1];useSparse;[True];leak_rate;[0.1];input_scaling;[0.8];spectral_radius;[0.9];inputSignals;[F];gridSpace:;input_scaling;[ 0.2  0.5  0.8  1.1  1.4  1.7];useNormalized;[1];_instance;[0, 1, 2, 3, 4, 5];output_dim;[5, 15, 30, 400];leak_rate;[0.3, 0.1, 0.01];useSparse;[True];spectral_radius;[ 0.1  0.3  0.5  0.7  0.9];inputSignals;['F'];ridge_param;[1e-09];paraList;[[1e-09], array([ 0.2,  0.5,  0.8,  1.1,  1.4,  1.7]), [1], [0, 1, 2, 3, 4, 5], [5, 15, 30, 400], [0.3, 0.1, 0.01], [True], array([ 0.1,  0.3,  0.5,  0.7,  0.9]), ['F']];=HYPERLINK("/informatik2/students/home/2tietz/pythonProjects/BA_Analysis2/BA_Analysis/results/pdf/2016-03-29-00-52_smallReservoir.pdf");=HYPERLINK("/informatik2/students/home/2tietz/pythonProjects/BA_Analysis2/BA_Analysis/results/npz/2016-03-29-00-52_smallReservoir.npz")
2016-03-29 01:46:45.188536;smallResValidation;['julian', 'nike', 'nadja', 'line'];['lana_0_0.npz', 'lana_1_0.npz', 'stephan_0_2.npz', 'stephan_1_2.npz'];<function calc1MinusF1Average at 0x7ff4dc0c5320>;TrainError;0.673413381546;meanF1Score;0.29891843971631205;usedGestures;[0, 1, 2, 3];_instance;0;inputSignals;F;useNormalized;1;input_scaling;1.0999999999999999;output_dim;15;spectral_radius;0.70000000000000007;useSparse;True;leak_rate;0.01;ridge_param;1e-09;RidgeRegressionNode;ridge_param;[1e-09];SparseNode;_instance;[0];output_dim;[15];useNormalized;[1];useSparse;[True];leak_rate;[0.01];input_scaling;[1.1];spectral_radius;[0.7];inputSignals;[F];gridSpace:;input_scaling;[ 0.2  0.5  0.8  1.1  1.4  1.7];useNormalized;[1];_instance;[0, 1, 2, 3, 4, 5];output_dim;[5, 15];leak_rate;[0.3, 0.1, 0.01];useSparse;[True];spectral_radius;[ 0.1  0.3  0.5  0.7  0.9];inputSignals;['F'];ridge_param;[1e-09];paraList;[[1e-09], array([ 0.2,  0.5,  0.8,  1.1,  1.4,  1.7]), [1], [0, 1, 2, 3, 4, 5], [5, 15], [0.3, 0.1, 0.01], [True], array([ 0.1,  0.3,  0.5,  0.7,  0.9]), ['F']];=HYPERLINK("/informatik2/students/home/2tietz/pythonProjects/BA_Analysis2/BA_Analysis/results/pdf/2016-03-29-01-46_smallResValidation.pdf");=HYPERLINK("/informatik2/students/home/2tietz/pythonProjects/BA_Analysis2/BA_Analysis/results/npz/2016-03-29-01-46_smallResValidation.npz")
2016-03-29 14:05:26.114688;a_0;['julian', 'nike', 'line', 'stephan', 'nadja'];['lana_0_0.npz'];<function calc1MinusF1Average at 0x7fa563909cf8>;TrainError;0.0;meanF1Score;0.95227272727272727;usedGestures;[0];_instance;0;inputSignals;FGA;useNormalized;0;input_scaling;0.20000000000000001;output_dim;30;spectral_radius;0.30000000000000004;useSparse;True;leak_rate;0.1;ridge_param;1e-06;SparseNode;_instance;[0];output_dim;[30];useNormalized;[0];useSparse;[True];leak_rate;[0.1];input_scaling;[0.2];spectral_radius;[0.3];inputSignals;[FGA];RidgeRegressionNode;ridge_param;[1e-06];gridSpace:;input_scaling;[ 0.2  0.5  0.8  1.1  1.4  1.7];useNormalized;[0, 1, 2];_instance;[0, 1, 2, 3, 4];output_dim;[5, 15, 30, 60];leak_rate;[1, 0.1, 0.01];useSparse;[True];spectral_radius;[ 0.1  0.3  0.5  0.7  0.9];inputSignals;['FGA'];ridge_param;[0.01, 0.0001, 1e-06];paraList;[array([ 0.2,  0.5,  0.8,  1.1,  1.4,  1.7]), [0, 1, 2], [0, 1, 2, 3, 4], [5, 15, 30, 60], [1, 0.1, 0.01], [True], array([ 0.1,  0.3,  0.5,  0.7,  0.9]), ['FGA'], [0.01, 0.0001, 1e-06]];=HYPERLINK("/informatik2/students/home/2tietz/pythonProjects/BA_Analysis2/BA_Analysis/results/pdf/2016-03-29-14-05_a_0.pdf");=HYPERLINK("/informatik2/students/home/2tietz/pythonProjects/BA_Analysis2/BA_Analysis/results/npz/2016-03-29-14-05_a_0.npz")
2016-03-29 14:22:24.529139;a_0;['julian', 'nike', 'line', 'stephan', 'nadja'];['lana_0_0.npz'];<function calc1MinusF1Average at 0x7f873f07bcf8>;TrainError;0.0;meanF1Score;0.54126696832579191;usedGestures;[0];_instance;0;inputSignals;FGA;useNormalized;0;input_scaling;0.20000000000000001;output_dim;15;spectral_radius;0.30000000000000004;useSparse;True;leak_rate;1;ridge_param;0.01;SparseNode;_instance;[0];output_dim;[15];useNormalized;[0];useSparse;[True];leak_rate;[1];input_scaling;[0.2];spectral_radius;[0.3];inputSignals;[FGA];RidgeRegressionNode;ridge_param;[0.01];gridSpace:;input_scaling;[ 0.2  0.5  0.8  1.1  1.4  1.7];useNormalized;[0, 1, 2];_instance;[0, 1, 2, 3, 4];output_dim;[5, 15, 30, 60];leak_rate;[1, 0.1, 0.01];useSparse;[True];spectral_radius;[ 0.1  0.3  0.5  0.7  0.9];inputSignals;['FGA'];ridge_param;[0.01, 0.0001, 1e-06];paraList;[array([ 0.2,  0.5,  0.8,  1.1,  1.4,  1.7]), [0, 1, 2], [0, 1, 2, 3, 4], [5, 15, 30, 60], [1, 0.1, 0.01], [True], array([ 0.1,  0.3,  0.5,  0.7,  0.9]), ['FGA'], [0.01, 0.0001, 1e-06]];=HYPERLINK("/informatik2/students/home/2tietz/pythonProjects/BA_Analysis2/BA_Analysis/results/pdf/2016-03-29-14-22_a_0.pdf");=HYPERLINK("/informatik2/students/home/2tietz/pythonProjects/BA_Analysis2/BA_Analysis/results/npz/2016-03-29-14-22_a_0.npz")
2016-03-29 14:28:20.806341;a_1;['julian', 'nike', 'line', 'stephan', 'nadja'];['lana_0_0.npz'];<function calc1MinusF1Average at 0x7f873f07bcf8>;TrainError;0.0;meanF1Score;nan;usedGestures;[1];_instance;0;inputSignals;FGA;useNormalized;0;input_scaling;0.20000000000000001;output_dim;15;spectral_radius;0.50000000000000011;useSparse;True;leak_rate;0.1;ridge_param;0.0001;SparseNode;_instance;[0];output_dim;[15];useNormalized;[0];useSparse;[True];leak_rate;[0.1];input_scaling;[0.2];spectral_radius;[0.5];inputSignals;[FGA];RidgeRegressionNode;ridge_param;[0.0001];gridSpace:;input_scaling;[ 0.2  0.5  0.8  1.1  1.4  1.7];useNormalized;[0, 1, 2];_instance;[0, 1, 2, 3, 4];output_dim;[5, 15, 30, 60];leak_rate;[1, 0.1, 0.01];useSparse;[True];spectral_radius;[ 0.1  0.3  0.5  0.7  0.9];inputSignals;['FGA'];ridge_param;[0.01, 0.0001, 1e-06];paraList;[array([ 0.2,  0.5,  0.8,  1.1,  1.4,  1.7]), [0, 1, 2], [0, 1, 2, 3, 4], [5, 15, 30, 60], [1, 0.1, 0.01], [True], array([ 0.1,  0.3,  0.5,  0.7,  0.9]), ['FGA'], [0.01, 0.0001, 1e-06]];=HYPERLINK("/informatik2/students/home/2tietz/pythonProjects/BA_Analysis2/BA_Analysis/results/pdf/2016-03-29-14-28_a_1.pdf");=HYPERLINK("/informatik2/students/home/2tietz/pythonProjects/BA_Analysis2/BA_Analysis/results/npz/2016-03-29-14-28_a_1.npz")
2016-03-29 14:34:29.084315;a_2;['julian', 'nike', 'line', 'stephan', 'nadja'];['lana_0_0.npz'];<function calc1MinusF1Average at 0x7f873f07bcf8>;TrainError;0.0;meanF1Score;nan;usedGestures;[2];_instance;0;inputSignals;FGA;useNormalized;0;input_scaling;0.20000000000000001;output_dim;15;spectral_radius;0.10000000000000001;useSparse;True;leak_rate;0.1;ridge_param;0.01;SparseNode;_instance;[0];output_dim;[15];useNormalized;[0];useSparse;[True];leak_rate;[0.1];input_scaling;[0.2];spectral_radius;[0.1];inputSignals;[FGA];RidgeRegressionNode;ridge_param;[0.01];gridSpace:;input_scaling;[ 0.2  0.5  0.8  1.1  1.4  1.7];useNormalized;[0, 1, 2];_instance;[0, 1, 2, 3, 4];output_dim;[5, 15, 30, 60];leak_rate;[1, 0.1, 0.01];useSparse;[True];spectral_radius;[ 0.1  0.3  0.5  0.7  0.9];inputSignals;['FGA'];ridge_param;[0.01, 0.0001, 1e-06];paraList;[array([ 0.2,  0.5,  0.8,  1.1,  1.4,  1.7]), [0, 1, 2], [0, 1, 2, 3, 4], [5, 15, 30, 60], [1, 0.1, 0.01], [True], array([ 0.1,  0.3,  0.5,  0.7,  0.9]), ['FGA'], [0.01, 0.0001, 1e-06]];=HYPERLINK("/informatik2/students/home/2tietz/pythonProjects/BA_Analysis2/BA_Analysis/results/pdf/2016-03-29-14-34_a_2.pdf");=HYPERLINK("/informatik2/students/home/2tietz/pythonProjects/BA_Analysis2/BA_Analysis/results/npz/2016-03-29-14-34_a_2.npz")
2016-03-29 14:40:56.531477;a_3;['julian', 'nike', 'line', 'stephan', 'nadja'];['lana_0_0.npz'];<function calc1MinusF1Average at 0x7f873f07bcf8>;TrainError;0.0;meanF1Score;nan;usedGestures;[3];_instance;0;inputSignals;FGA;useNormalized;0;input_scaling;0.20000000000000001;output_dim;15;spectral_radius;0.10000000000000001;useSparse;True;leak_rate;0.1;ridge_param;0.01;RidgeRegressionNode;ridge_param;[0.01];SparseNode;_instance;[0];output_dim;[15];useNormalized;[0];useSparse;[True];leak_rate;[0.1];input_scaling;[0.2];spectral_radius;[0.1];inputSignals;[FGA];gridSpace:;input_scaling;[ 0.2  0.5  0.8  1.1  1.4  1.7];useNormalized;[0, 1, 2];_instance;[0, 1, 2, 3, 4];output_dim;[5, 15, 30, 60];leak_rate;[1, 0.1, 0.01];useSparse;[True];spectral_radius;[ 0.1  0.3  0.5  0.7  0.9];inputSignals;['FGA'];ridge_param;[0.01, 0.0001, 1e-06];paraList;[[0.01, 0.0001, 1e-06], array([ 0.2,  0.5,  0.8,  1.1,  1.4,  1.7]), [0, 1, 2], [0, 1, 2, 3, 4], [5, 15, 30, 60], [1, 0.1, 0.01], [True], array([ 0.1,  0.3,  0.5,  0.7,  0.9]), ['FGA']];=HYPERLINK("/informatik2/students/home/2tietz/pythonProjects/BA_Analysis2/BA_Analysis/results/pdf/2016-03-29-14-40_a_3.pdf");=HYPERLINK("/informatik2/students/home/2tietz/pythonProjects/BA_Analysis2/BA_Analysis/results/npz/2016-03-29-14-40_a_3.npz")
2016-03-29 14:47:40.535103;a_4;['julian', 'nike', 'line', 'stephan', 'nadja'];['lana_0_0.npz'];<function calc1MinusF1Average at 0x7f873f07bcf8>;TrainError;0.0;meanF1Score;nan;usedGestures;[4];_instance;0;inputSignals;FGA;useNormalized;0;input_scaling;0.20000000000000001;output_dim;15;spectral_radius;0.50000000000000011;useSparse;True;leak_rate;0.1;ridge_param;0.01;SparseNode;_instance;[0];output_dim;[15];useNormalized;[0];useSparse;[True];leak_rate;[0.1];input_scaling;[0.2];spectral_radius;[0.5];inputSignals;[FGA];RidgeRegressionNode;ridge_param;[0.01];gridSpace:;input_scaling;[ 0.2  0.5  0.8  1.1  1.4  1.7];useNormalized;[0, 1, 2];_instance;[0, 1, 2, 3, 4];output_dim;[5, 15, 30, 60];leak_rate;[1, 0.1, 0.01];useSparse;[True];spectral_radius;[ 0.1  0.3  0.5  0.7  0.9];inputSignals;['FGA'];ridge_param;[0.01, 0.0001, 1e-06];paraList;[array([ 0.2,  0.5,  0.8,  1.1,  1.4,  1.7]), [0, 1, 2], [0, 1, 2, 3, 4], [5, 15, 30, 60], [1, 0.1, 0.01], [True], array([ 0.1,  0.3,  0.5,  0.7,  0.9]), ['FGA'], [0.01, 0.0001, 1e-06]];=HYPERLINK("/informatik2/students/home/2tietz/pythonProjects/BA_Analysis2/BA_Analysis/results/pdf/2016-03-29-14-47_a_4.pdf");=HYPERLINK("/informatik2/students/home/2tietz/pythonProjects/BA_Analysis2/BA_Analysis/results/npz/2016-03-29-14-47_a_4.npz")
2016-03-29 14:54:17.239090;a_5;['julian', 'nike', 'line', 'stephan', 'nadja'];['lana_0_0.npz'];<function calc1MinusF1Average at 0x7f873f07bcf8>;TrainError;0.0167084377611;meanF1Score;nan;usedGestures;[5];_instance;0;inputSignals;FGA;useNormalized;1;input_scaling;0.80000000000000004;output_dim;60;spectral_radius;0.50000000000000011;useSparse;True;leak_rate;0.1;ridge_param;0.01;RidgeRegressionNode;ridge_param;[0.01];SparseNode;_instance;[0];output_dim;[60];useNormalized;[1];useSparse;[True];leak_rate;[0.1];input_scaling;[0.8];spectral_radius;[0.5];inputSignals;[FGA];gridSpace:;input_scaling;[ 0.2  0.5  0.8  1.1  1.4  1.7];useNormalized;[0, 1, 2];_instance;[0, 1, 2, 3, 4];output_dim;[5, 15, 30, 60];leak_rate;[1, 0.1, 0.01];useSparse;[True];spectral_radius;[ 0.1  0.3  0.5  0.7  0.9];inputSignals;['FGA'];ridge_param;[0.01, 0.0001, 1e-06];paraList;[[0.01, 0.0001, 1e-06], array([ 0.2,  0.5,  0.8,  1.1,  1.4,  1.7]), [0, 1, 2], [0, 1, 2, 3, 4], [5, 15, 30, 60], [1, 0.1, 0.01], [True], array([ 0.1,  0.3,  0.5,  0.7,  0.9]), ['FGA']];=HYPERLINK("/informatik2/students/home/2tietz/pythonProjects/BA_Analysis2/BA_Analysis/results/pdf/2016-03-29-14-54_a_5.pdf");=HYPERLINK("/informatik2/students/home/2tietz/pythonProjects/BA_Analysis2/BA_Analysis/results/npz/2016-03-29-14-54_a_5.npz")
2016-03-29 15:00:55.126132;a_6;['julian', 'nike', 'line', 'stephan', 'nadja'];['lana_0_0.npz'];<function calc1MinusF1Average at 0x7f873f07bcf8>;TrainError;0.0;meanF1Score;nan;usedGestures;[6];_instance;2;inputSignals;FGA;useNormalized;0;input_scaling;0.5;output_dim;30;spectral_radius;0.10000000000000001;useSparse;True;leak_rate;0.1;ridge_param;0.01;SparseNode;_instance;[2];output_dim;[30];useNormalized;[0];useSparse;[True];leak_rate;[0.1];input_scaling;[0.5];spectral_radius;[0.1];inputSignals;[FGA];RidgeRegressionNode;ridge_param;[0.01];gridSpace:;input_scaling;[ 0.2  0.5  0.8  1.1  1.4  1.7];useNormalized;[0, 1, 2];_instance;[0, 1, 2, 3, 4];output_dim;[5, 15, 30, 60];leak_rate;[1, 0.1, 0.01];useSparse;[True];spectral_radius;[ 0.1  0.3  0.5  0.7  0.9];inputSignals;['FGA'];ridge_param;[0.01, 0.0001, 1e-06];paraList;[array([ 0.2,  0.5,  0.8,  1.1,  1.4,  1.7]), [0, 1, 2], [0, 1, 2, 3, 4], [5, 15, 30, 60], [1, 0.1, 0.01], [True], array([ 0.1,  0.3,  0.5,  0.7,  0.9]), ['FGA'], [0.01, 0.0001, 1e-06]];=HYPERLINK("/informatik2/students/home/2tietz/pythonProjects/BA_Analysis2/BA_Analysis/results/pdf/2016-03-29-15-00_a_6.pdf");=HYPERLINK("/informatik2/students/home/2tietz/pythonProjects/BA_Analysis2/BA_Analysis/results/npz/2016-03-29-15-00_a_6.npz")
2016-03-29 15:09:36.294161;a_7;['julian', 'nike', 'line', 'stephan', 'nadja'];['lana_0_0.npz'];<function calc1MinusF1Average at 0x7f873f07bcf8>;TrainError;0.0;meanF1Score;nan;usedGestures;[7];_instance;1;inputSignals;FGA;useNormalized;2;input_scaling;1.0999999999999999;output_dim;60;spectral_radius;0.30000000000000004;useSparse;True;leak_rate;0.1;ridge_param;0.01;RidgeRegressionNode;ridge_param;[0.01];SparseNode;_instance;[1];output_dim;[60];useNormalized;[2];useSparse;[True];leak_rate;[0.1];input_scaling;[1.1];spectral_radius;[0.3];inputSignals;[FGA];gridSpace:;input_scaling;[ 0.2  0.5  0.8  1.1  1.4  1.7];useNormalized;[0, 1, 2];_instance;[0, 1, 2, 3, 4];output_dim;[5, 15, 30, 60];leak_rate;[1, 0.1, 0.01];useSparse;[True];spectral_radius;[ 0.1  0.3  0.5  0.7  0.9];inputSignals;['FGA'];ridge_param;[0.01, 0.0001, 1e-06];paraList;[[0.01, 0.0001, 1e-06], array([ 0.2,  0.5,  0.8,  1.1,  1.4,  1.7]), [0, 1, 2], [0, 1, 2, 3, 4], [5, 15, 30, 60], [1, 0.1, 0.01], [True], array([ 0.1,  0.3,  0.5,  0.7,  0.9]), ['FGA']];=HYPERLINK("/informatik2/students/home/2tietz/pythonProjects/BA_Analysis2/BA_Analysis/results/pdf/2016-03-29-15-09_a_7.pdf");=HYPERLINK("/informatik2/students/home/2tietz/pythonProjects/BA_Analysis2/BA_Analysis/results/npz/2016-03-29-15-09_a_7.npz")
2016-03-29 15:17:28.358922;a_8;['julian', 'nike', 'line', 'stephan', 'nadja'];['lana_0_0.npz'];<function calc1MinusF1Average at 0x7f873f07bcf8>;TrainError;0.0;meanF1Score;nan;usedGestures;[8];_instance;0;inputSignals;FGA;useNormalized;1;input_scaling;0.5;output_dim;15;spectral_radius;0.70000000000000007;useSparse;True;leak_rate;0.1;ridge_param;0.0001;SparseNode;_instance;[0];output_dim;[15];useNormalized;[1];useSparse;[True];leak_rate;[0.1];input_scaling;[0.5];spectral_radius;[0.7];inputSignals;[FGA];RidgeRegressionNode;ridge_param;[0.0001];gridSpace:;input_scaling;[ 0.2  0.5  0.8  1.1  1.4  1.7];useNormalized;[0, 1, 2];_instance;[0, 1, 2, 3, 4];output_dim;[5, 15, 30, 60];leak_rate;[1, 0.1, 0.01];useSparse;[True];spectral_radius;[ 0.1  0.3  0.5  0.7  0.9];inputSignals;['FGA'];ridge_param;[0.01, 0.0001, 1e-06];paraList;[array([ 0.2,  0.5,  0.8,  1.1,  1.4,  1.7]), [0, 1, 2], [0, 1, 2, 3, 4], [5, 15, 30, 60], [1, 0.1, 0.01], [True], array([ 0.1,  0.3,  0.5,  0.7,  0.9]), ['FGA'], [0.01, 0.0001, 1e-06]];=HYPERLINK("/informatik2/students/home/2tietz/pythonProjects/BA_Analysis2/BA_Analysis/results/pdf/2016-03-29-15-17_a_8.pdf");=HYPERLINK("/informatik2/students/home/2tietz/pythonProjects/BA_Analysis2/BA_Analysis/results/npz/2016-03-29-15-17_a_8.npz")
2016-03-29 15:28:24.632359;a_9;['julian', 'nike', 'line', 'stephan', 'nadja'];['lana_0_0.npz'];<function calc1MinusF1Average at 0x7f873f07bcf8>;TrainError;0.0;meanF1Score;nan;usedGestures;[9];_instance;0;inputSignals;FGA;useNormalized;0;input_scaling;0.20000000000000001;output_dim;60;spectral_radius;0.50000000000000011;useSparse;True;leak_rate;1;ridge_param;1e-06;SparseNode;_instance;[0];output_dim;[60];useNormalized;[0];useSparse;[True];leak_rate;[1];input_scaling;[0.2];spectral_radius;[0.5];inputSignals;[FGA];RidgeRegressionNode;ridge_param;[1e-06];gridSpace:;input_scaling;[ 0.2  0.5  0.8  1.1  1.4  1.7];useNormalized;[0, 1, 2];_instance;[0, 1, 2, 3, 4];output_dim;[5, 15, 30, 60];leak_rate;[1, 0.1, 0.01];useSparse;[True];spectral_radius;[ 0.1  0.3  0.5  0.7  0.9];inputSignals;['FGA'];ridge_param;[0.01, 0.0001, 1e-06];paraList;[array([ 0.2,  0.5,  0.8,  1.1,  1.4,  1.7]), [0, 1, 2], [0, 1, 2, 3, 4], [5, 15, 30, 60], [1, 0.1, 0.01], [True], array([ 0.1,  0.3,  0.5,  0.7,  0.9]), ['FGA'], [0.01, 0.0001, 1e-06]];=HYPERLINK("/informatik2/students/home/2tietz/pythonProjects/BA_Analysis2/BA_Analysis/results/pdf/2016-03-29-15-28_a_9.pdf");=HYPERLINK("/informatik2/students/home/2tietz/pythonProjects/BA_Analysis2/BA_Analysis/results/npz/2016-03-29-15-28_a_9.npz")
2016-03-29 16:27:16.869335;a_10;['julian', 'nike', 'line'];['lana_0_0.npz'];<function calc1MinusF1Average at 0x7f22e2eb6de8>;TrainError;0.120595339585;meanF1Score;nan;usedGestures;[10];_instance;1;inputSignals;FGA;useNormalized;0;input_scaling;1.7;output_dim;60;spectral_radius;0.10000000000000001;useSparse;True;leak_rate;0.1;ridge_param;0.01;SparseNode;_instance;[1];output_dim;[60];useNormalized;[0];useSparse;[True];leak_rate;[0.1];input_scaling;[1.7];spectral_radius;[0.1];inputSignals;[FGA];RidgeRegressionNode;ridge_param;[0.01];gridSpace:;input_scaling;[ 0.2  0.5  0.8  1.1  1.4  1.7];useNormalized;[0, 1, 2];_instance;[0, 1, 2, 3, 4];output_dim;[5, 15, 30, 60];leak_rate;[1, 0.1, 0.01];useSparse;[True];spectral_radius;[ 0.1  0.3  0.5  0.7  0.9];inputSignals;['FGA'];ridge_param;[0.01, 0.0001, 1e-06];paraList;[array([ 0.2,  0.5,  0.8,  1.1,  1.4,  1.7]), [0, 1, 2], [0, 1, 2, 3, 4], [5, 15, 30, 60], [1, 0.1, 0.01], [True], array([ 0.1,  0.3,  0.5,  0.7,  0.9]), ['FGA'], [0.01, 0.0001, 1e-06]];=HYPERLINK("/informatik2/students/home/2tietz/pythonProjects/BA_Analysis2/BA_Analysis/results/pdf/2016-03-29-16-27_a_10.pdf");=HYPERLINK("/informatik2/students/home/2tietz/pythonProjects/BA_Analysis2/BA_Analysis/results/npz/2016-03-29-16-27_a_10.npz")
2016-03-29 16:32:00.228000;a_11;['julian', 'nike', 'line'];['lana_0_0.npz'];<function calc1MinusF1Average at 0x7f22e2eb6de8>;TrainError;0.0;meanF1Score;nan;usedGestures;[11];_instance;2;inputSignals;FGA;useNormalized;0;input_scaling;1.3999999999999999;output_dim;60;spectral_radius;0.10000000000000001;useSparse;True;leak_rate;0.1;ridge_param;1e-06;SparseNode;_instance;[2];output_dim;[60];useNormalized;[0];useSparse;[True];leak_rate;[0.1];input_scaling;[1.4];spectral_radius;[0.1];inputSignals;[FGA];RidgeRegressionNode;ridge_param;[1e-06];gridSpace:;input_scaling;[ 0.2  0.5  0.8  1.1  1.4  1.7];useNormalized;[0, 1, 2];_instance;[0, 1, 2, 3, 4];output_dim;[5, 15, 30, 60];leak_rate;[1, 0.1, 0.01];useSparse;[True];spectral_radius;[ 0.1  0.3  0.5  0.7  0.9];inputSignals;['FGA'];ridge_param;[0.01, 0.0001, 1e-06];paraList;[array([ 0.2,  0.5,  0.8,  1.1,  1.4,  1.7]), [0, 1, 2], [0, 1, 2, 3, 4], [5, 15, 30, 60], [1, 0.1, 0.01], [True], array([ 0.1,  0.3,  0.5,  0.7,  0.9]), ['FGA'], [0.01, 0.0001, 1e-06]];=HYPERLINK("/informatik2/students/home/2tietz/pythonProjects/BA_Analysis2/BA_Analysis/results/pdf/2016-03-29-16-32_a_11.pdf");=HYPERLINK("/informatik2/students/home/2tietz/pythonProjects/BA_Analysis2/BA_Analysis/results/npz/2016-03-29-16-32_a_11.npz")
2016-03-29 16:36:40.832027;a_12;['julian', 'nike', 'line'];['lana_0_0.npz'];<function calc1MinusF1Average at 0x7f22e2eb6de8>;TrainError;0.156228956229;meanF1Score;nan;usedGestures;[12];_instance;3;inputSignals;FGA;useNormalized;1;input_scaling;1.0999999999999999;output_dim;15;spectral_radius;0.30000000000000004;useSparse;True;leak_rate;0.1;ridge_param;0.01;SparseNode;_instance;[3];output_dim;[15];useNormalized;[1];useSparse;[True];leak_rate;[0.1];input_scaling;[1.1];spectral_radius;[0.3];inputSignals;[FGA];RidgeRegressionNode;ridge_param;[0.01];gridSpace:;input_scaling;[ 0.2  0.5  0.8  1.1  1.4  1.7];useNormalized;[0, 1, 2];_instance;[0, 1, 2, 3, 4];output_dim;[5, 15, 30, 60];leak_rate;[1, 0.1, 0.01];useSparse;[True];spectral_radius;[ 0.1  0.3  0.5  0.7  0.9];inputSignals;['FGA'];ridge_param;[0.01, 0.0001, 1e-06];paraList;[array([ 0.2,  0.5,  0.8,  1.1,  1.4,  1.7]), [0, 1, 2], [0, 1, 2, 3, 4], [5, 15, 30, 60], [1, 0.1, 0.01], [True], array([ 0.1,  0.3,  0.5,  0.7,  0.9]), ['FGA'], [0.01, 0.0001, 1e-06]];=HYPERLINK("/informatik2/students/home/2tietz/pythonProjects/BA_Analysis2/BA_Analysis/results/pdf/2016-03-29-16-36_a_12.pdf");=HYPERLINK("/informatik2/students/home/2tietz/pythonProjects/BA_Analysis2/BA_Analysis/results/npz/2016-03-29-16-36_a_12.npz")
2016-03-29 16:41:04.321760;a_13;['julian', 'nike', 'line'];['lana_0_0.npz'];<function calc1MinusF1Average at 0x7f22e2eb6de8>;TrainError;0.12266573296;meanF1Score;nan;usedGestures;[13];_instance;1;inputSignals;FGA;useNormalized;0;input_scaling;0.5;output_dim;60;spectral_radius;0.50000000000000011;useSparse;True;leak_rate;0.1;ridge_param;1e-06;RidgeRegressionNode;ridge_param;[1e-06];SparseNode;_instance;[1];output_dim;[60];useNormalized;[0];useSparse;[True];leak_rate;[0.1];input_scaling;[0.5];spectral_radius;[0.5];inputSignals;[FGA];gridSpace:;input_scaling;[ 0.2  0.5  0.8  1.1  1.4  1.7];useNormalized;[0, 1, 2];_instance;[0, 1, 2, 3, 4];output_dim;[5, 15, 30, 60];leak_rate;[1, 0.1, 0.01];useSparse;[True];spectral_radius;[ 0.1  0.3  0.5  0.7  0.9];inputSignals;['FGA'];ridge_param;[0.01, 0.0001, 1e-06];paraList;[[0.01, 0.0001, 1e-06], array([ 0.2,  0.5,  0.8,  1.1,  1.4,  1.7]), [0, 1, 2], [0, 1, 2, 3, 4], [5, 15, 30, 60], [1, 0.1, 0.01], [True], array([ 0.1,  0.3,  0.5,  0.7,  0.9]), ['FGA']];=HYPERLINK("/informatik2/students/home/2tietz/pythonProjects/BA_Analysis2/BA_Analysis/results/pdf/2016-03-29-16-41_a_13.pdf");=HYPERLINK("/informatik2/students/home/2tietz/pythonProjects/BA_Analysis2/BA_Analysis/results/npz/2016-03-29-16-41_a_13.npz")
2016-03-29 16:45:34.011980;a_14;['julian', 'nike', 'line'];['lana_0_0.npz'];<function calc1MinusF1Average at 0x7f22e2eb6de8>;TrainError;0.280000405959;meanF1Score;nan;usedGestures;[14];_instance;2;inputSignals;FGA;useNormalized;1;input_scaling;1.3999999999999999;output_dim;60;spectral_radius;0.70000000000000007;useSparse;True;leak_rate;0.1;ridge_param;0.01;SparseNode;_instance;[2];output_dim;[60];useNormalized;[1];useSparse;[True];leak_rate;[0.1];input_scaling;[1.4];spectral_radius;[0.7];inputSignals;[FGA];RidgeRegressionNode;ridge_param;[0.01];gridSpace:;input_scaling;[ 0.2  0.5  0.8  1.1  1.4  1.7];useNormalized;[0, 1, 2];_instance;[0, 1, 2, 3, 4];output_dim;[5, 15, 30, 60];leak_rate;[1, 0.1, 0.01];useSparse;[True];spectral_radius;[ 0.1  0.3  0.5  0.7  0.9];inputSignals;['FGA'];ridge_param;[0.01, 0.0001, 1e-06];paraList;[array([ 0.2,  0.5,  0.8,  1.1,  1.4,  1.7]), [0, 1, 2], [0, 1, 2, 3, 4], [5, 15, 30, 60], [1, 0.1, 0.01], [True], array([ 0.1,  0.3,  0.5,  0.7,  0.9]), ['FGA'], [0.01, 0.0001, 1e-06]];=HYPERLINK("/informatik2/students/home/2tietz/pythonProjects/BA_Analysis2/BA_Analysis/results/pdf/2016-03-29-16-45_a_14.pdf");=HYPERLINK("/informatik2/students/home/2tietz/pythonProjects/BA_Analysis2/BA_Analysis/results/npz/2016-03-29-16-45_a_14.npz")
2016-03-29 16:50:06.819910;a_15;['julian', 'nike', 'line'];['lana_0_0.npz'];<function calc1MinusF1Average at 0x7f22e2eb6de8>;TrainError;0.0847437965085;meanF1Score;nan;usedGestures;[15];_instance;1;inputSignals;FGA;useNormalized;0;input_scaling;1.7;output_dim;30;spectral_radius;0.50000000000000011;useSparse;True;leak_rate;0.1;ridge_param;0.0001;SparseNode;_instance;[1];output_dim;[30];useNormalized;[0];useSparse;[True];leak_rate;[0.1];input_scaling;[1.7];spectral_radius;[0.5];inputSignals;[FGA];RidgeRegressionNode;ridge_param;[0.0001];gridSpace:;input_scaling;[ 0.2  0.5  0.8  1.1  1.4  1.7];useNormalized;[0, 1, 2];_instance;[0, 1, 2, 3, 4];output_dim;[5, 15, 30, 60];leak_rate;[1, 0.1, 0.01];useSparse;[True];spectral_radius;[ 0.1  0.3  0.5  0.7  0.9];inputSignals;['FGA'];ridge_param;[0.01, 0.0001, 1e-06];paraList;[array([ 0.2,  0.5,  0.8,  1.1,  1.4,  1.7]), [0, 1, 2], [0, 1, 2, 3, 4], [5, 15, 30, 60], [1, 0.1, 0.01], [True], array([ 0.1,  0.3,  0.5,  0.7,  0.9]), ['FGA'], [0.01, 0.0001, 1e-06]];=HYPERLINK("/informatik2/students/home/2tietz/pythonProjects/BA_Analysis2/BA_Analysis/results/pdf/2016-03-29-16-50_a_15.pdf");=HYPERLINK("/informatik2/students/home/2tietz/pythonProjects/BA_Analysis2/BA_Analysis/results/npz/2016-03-29-16-50_a_15.npz")
2016-03-29 18:59:21.801559;a_0;['julian', 'nike', 'line', 'stephan'];[];<function calc1MinusConfusionFromMaxTargetSignal at 0x7ff58e3bf140>;TrainError;0.110534329298;meanF1Score;0.89347067039106154;usedGestures;[0];_instance;1;inputSignals;FGA;useNormalized;1;input_scaling;0.20000000000000001;output_dim;100;spectral_radius;0.10000000000000001;useSparse;True;leak_rate;0.1;ridge_param;0.0001;SparseNode;_instance;[1];output_dim;[100];useNormalized;[1];useSparse;[True];leak_rate;[0.1];input_scaling;[0.2];spectral_radius;[0.1];inputSignals;[FGA];RidgeRegressionNode;ridge_param;[0.0001];gridSpace:;input_scaling;[ 0.2  0.8  1.4];useNormalized;[1];_instance;[0, 1, 2];output_dim;[100];leak_rate;[1, 0.1, 0.01];useSparse;[True];spectral_radius;[ 0.1   0.99];inputSignals;['FGA'];ridge_param;[0.0001];paraList;[array([ 0.2,  0.8,  1.4]), [1], [0, 1, 2], [100], [1, 0.1, 0.01], [True], array([ 0.1 ,  0.99]), ['FGA'], [0.0001]];=HYPERLINK("/informatik2/students/home/2tietz/pythonProjects/BA_Analysis2/BA_Analysis/results/pdf/2016-03-29-18-59_a_0.pdf");=HYPERLINK("/informatik2/students/home/2tietz/pythonProjects/BA_Analysis2/BA_Analysis/results/npz/2016-03-29-18-59_a_0.npz")
2016-03-29 19:02:33.043636;a_0;['julian', 'nike', 'line', 'stephan'];[];<function calc1MinusConfusionFromMaxTargetSignal at 0x7f8144b17140>;TrainError;0.0965465832973;meanF1Score;0.90560143407850879;usedGestures;[0];_instance;0;inputSignals;FGA;useNormalized;1;input_scaling;1.0999999999999999;output_dim;120;spectral_radius;0.39000000000000001;useSparse;True;leak_rate;0.1;ridge_param;1;SparseNode;_instance;[0];output_dim;[120];useNormalized;[1];useSparse;[True];leak_rate;[0.1];input_scaling;[1.1];spectral_radius;[0.39];inputSignals;[FGA];RidgeRegressionNode;ridge_param;[1];gridSpace:;input_scaling;[ 0.2  0.5  0.8  1.1  1.4  1.7];useNormalized;[1];_instance;[0, 1, 2, 3, 4, 5];output_dim;[15, 30, 60, 120];leak_rate;[1, 0.1, 0.01];useSparse;[True];spectral_radius;[ 0.09  0.39  0.69  0.99  1.29];inputSignals;['FGA'];ridge_param;[1, 0.001, 0.0001];paraList;[array([ 0.2,  0.5,  0.8,  1.1,  1.4,  1.7]), [1], [0, 1, 2, 3, 4, 5], [15, 30, 60, 120], [1, 0.1, 0.01], [True], array([ 0.09,  0.39,  0.69,  0.99,  1.29]), ['FGA'], [1, 0.001, 0.0001]];=HYPERLINK("/informatik2/students/home/2tietz/pythonProjects/BA_Analysis2/BA_Analysis/results/pdf/2016-03-29-19-02_a_0.pdf");=HYPERLINK("/informatik2/students/home/2tietz/pythonProjects/BA_Analysis2/BA_Analysis/results/npz/2016-03-29-19-02_a_0.npz")
2016-03-29 19:05:26.784603;a_1;['julian', 'nike', 'line', 'stephan'];[];<function calc1MinusConfusionFromMaxTargetSignal at 0x7f8144b17140>;TrainError;0.119747936521;meanF1Score;0.83575145669843542;usedGestures;[1];_instance;3;inputSignals;FGA;useNormalized;1;input_scaling;0.5;output_dim;60;spectral_radius;0.089999999999999997;useSparse;True;leak_rate;0.1;ridge_param;0.0001;RidgeRegressionNode;ridge_param;[0.0001];SparseNode;_instance;[3];output_dim;[60];useNormalized;[1];useSparse;[True];leak_rate;[0.1];input_scaling;[0.5];spectral_radius;[0.09];inputSignals;[FGA];gridSpace:;input_scaling;[ 0.2  0.5  0.8  1.1  1.4  1.7];useNormalized;[1];_instance;[0, 1, 2, 3, 4, 5];output_dim;[15, 30, 60, 120];leak_rate;[1, 0.1, 0.01];useSparse;[True];spectral_radius;[ 0.09  0.39  0.69  0.99  1.29];inputSignals;['FGA'];ridge_param;[1, 0.001, 0.0001];paraList;[[1, 0.001, 0.0001], array([ 0.2,  0.5,  0.8,  1.1,  1.4,  1.7]), [1], [0, 1, 2, 3, 4, 5], [15, 30, 60, 120], [1, 0.1, 0.01], [True], array([ 0.09,  0.39,  0.69,  0.99,  1.29]), ['FGA']];=HYPERLINK("/informatik2/students/home/2tietz/pythonProjects/BA_Analysis2/BA_Analysis/results/pdf/2016-03-29-19-05_a_1.pdf");=HYPERLINK("/informatik2/students/home/2tietz/pythonProjects/BA_Analysis2/BA_Analysis/results/npz/2016-03-29-19-05_a_1.npz")
2016-03-29 19:08:29.499492;a_2;['julian', 'nike', 'line', 'stephan'];[];<function calc1MinusConfusionFromMaxTargetSignal at 0x7f8144b17140>;TrainError;0.0922103221884;meanF1Score;0.81910423743965677;usedGestures;[2];_instance;4;inputSignals;FGA;useNormalized;1;input_scaling;0.20000000000000001;output_dim;120;spectral_radius;0.089999999999999997;useSparse;True;leak_rate;0.1;ridge_param;0.0001;RidgeRegressionNode;ridge_param;[0.0001];SparseNode;_instance;[4];output_dim;[120];useNormalized;[1];useSparse;[True];leak_rate;[0.1];input_scaling;[0.2];spectral_radius;[0.09];inputSignals;[FGA];gridSpace:;input_scaling;[ 0.2  0.5  0.8  1.1  1.4  1.7];useNormalized;[1];_instance;[0, 1, 2, 3, 4, 5];output_dim;[15, 30, 60, 120];leak_rate;[1, 0.1, 0.01];useSparse;[True];spectral_radius;[ 0.09  0.39  0.69  0.99  1.29];inputSignals;['FGA'];ridge_param;[1, 0.001, 0.0001];paraList;[[1, 0.001, 0.0001], array([ 0.2,  0.5,  0.8,  1.1,  1.4,  1.7]), [1], [0, 1, 2, 3, 4, 5], [15, 30, 60, 120], [1, 0.1, 0.01], [True], array([ 0.09,  0.39,  0.69,  0.99,  1.29]), ['FGA']];=HYPERLINK("/informatik2/students/home/2tietz/pythonProjects/BA_Analysis2/BA_Analysis/results/pdf/2016-03-29-19-08_a_2.pdf");=HYPERLINK("/informatik2/students/home/2tietz/pythonProjects/BA_Analysis2/BA_Analysis/results/npz/2016-03-29-19-08_a_2.npz")
2016-03-29 19:11:44.580382;a_3;['julian', 'nike', 'line', 'stephan'];[];<function calc1MinusConfusionFromMaxTargetSignal at 0x7f8144b17140>;TrainError;0.0927428752763;meanF1Score;0.88839159187529537;usedGestures;[3];_instance;4;inputSignals;FGA;useNormalized;1;input_scaling;0.20000000000000001;output_dim;60;spectral_radius;0.39000000000000001;useSparse;True;leak_rate;0.1;ridge_param;1;SparseNode;_instance;[4];output_dim;[60];useNormalized;[1];useSparse;[True];leak_rate;[0.1];input_scaling;[0.2];spectral_radius;[0.39];inputSignals;[FGA];RidgeRegressionNode;ridge_param;[1];gridSpace:;input_scaling;[ 0.2  0.5  0.8  1.1  1.4  1.7];useNormalized;[1];_instance;[0, 1, 2, 3, 4, 5];output_dim;[15, 30, 60, 120];leak_rate;[1, 0.1, 0.01];useSparse;[True];spectral_radius;[ 0.09  0.39  0.69  0.99  1.29];inputSignals;['FGA'];ridge_param;[1, 0.001, 0.0001];paraList;[array([ 0.2,  0.5,  0.8,  1.1,  1.4,  1.7]), [1], [0, 1, 2, 3, 4, 5], [15, 30, 60, 120], [1, 0.1, 0.01], [True], array([ 0.09,  0.39,  0.69,  0.99,  1.29]), ['FGA'], [1, 0.001, 0.0001]];=HYPERLINK("/informatik2/students/home/2tietz/pythonProjects/BA_Analysis2/BA_Analysis/results/pdf/2016-03-29-19-11_a_3.pdf");=HYPERLINK("/informatik2/students/home/2tietz/pythonProjects/BA_Analysis2/BA_Analysis/results/npz/2016-03-29-19-11_a_3.npz")
2016-03-29 19:15:03.860900;a_4;['julian', 'nike', 'line', 'stephan'];[];<function calc1MinusConfusionFromMaxTargetSignal at 0x7f8144b17140>;TrainError;0.0830516937307;meanF1Score;0.85284384375096645;usedGestures;[4];_instance;0;inputSignals;FGA;useNormalized;1;input_scaling;0.20000000000000001;output_dim;30;spectral_radius;0.39000000000000001;useSparse;True;leak_rate;0.1;ridge_param;0.001;SparseNode;_instance;[0];output_dim;[30];useNormalized;[1];useSparse;[True];leak_rate;[0.1];input_scaling;[0.2];spectral_radius;[0.39];inputSignals;[FGA];RidgeRegressionNode;ridge_param;[0.001];gridSpace:;input_scaling;[ 0.2  0.5  0.8  1.1  1.4  1.7];useNormalized;[1];_instance;[0, 1, 2, 3, 4, 5];output_dim;[15, 30, 60, 120];leak_rate;[1, 0.1, 0.01];useSparse;[True];spectral_radius;[ 0.09  0.39  0.69  0.99  1.29];inputSignals;['FGA'];ridge_param;[1, 0.001, 0.0001];paraList;[array([ 0.2,  0.5,  0.8,  1.1,  1.4,  1.7]), [1], [0, 1, 2, 3, 4, 5], [15, 30, 60, 120], [1, 0.1, 0.01], [True], array([ 0.09,  0.39,  0.69,  0.99,  1.29]), ['FGA'], [1, 0.001, 0.0001]];=HYPERLINK("/informatik2/students/home/2tietz/pythonProjects/BA_Analysis2/BA_Analysis/results/pdf/2016-03-29-19-15_a_4.pdf");=HYPERLINK("/informatik2/students/home/2tietz/pythonProjects/BA_Analysis2/BA_Analysis/results/npz/2016-03-29-19-15_a_4.npz")
2016-03-29 19:18:18.954654;a_5;['julian', 'nike', 'line', 'stephan'];[];<function calc1MinusConfusionFromMaxTargetSignal at 0x7f8144b17140>;TrainError;0.144549969152;meanF1Score;0.65467275515702505;usedGestures;[5];_instance;5;inputSignals;FGA;useNormalized;1;input_scaling;0.20000000000000001;output_dim;30;spectral_radius;0.69000000000000006;useSparse;True;leak_rate;0.1;ridge_param;0.0001;SparseNode;_instance;[5];output_dim;[30];useNormalized;[1];useSparse;[True];leak_rate;[0.1];input_scaling;[0.2];spectral_radius;[0.69];inputSignals;[FGA];RidgeRegressionNode;ridge_param;[0.0001];gridSpace:;input_scaling;[ 0.2  0.5  0.8  1.1  1.4  1.7];useNormalized;[1];_instance;[0, 1, 2, 3, 4, 5];output_dim;[15, 30, 60, 120];leak_rate;[1, 0.1, 0.01];useSparse;[True];spectral_radius;[ 0.09  0.39  0.69  0.99  1.29];inputSignals;['FGA'];ridge_param;[1, 0.001, 0.0001];paraList;[array([ 0.2,  0.5,  0.8,  1.1,  1.4,  1.7]), [1], [0, 1, 2, 3, 4, 5], [15, 30, 60, 120], [1, 0.1, 0.01], [True], array([ 0.09,  0.39,  0.69,  0.99,  1.29]), ['FGA'], [1, 0.001, 0.0001]];=HYPERLINK("/informatik2/students/home/2tietz/pythonProjects/BA_Analysis2/BA_Analysis/results/pdf/2016-03-29-19-18_a_5.pdf");=HYPERLINK("/informatik2/students/home/2tietz/pythonProjects/BA_Analysis2/BA_Analysis/results/npz/2016-03-29-19-18_a_5.npz")
2016-03-29 19:21:32.570932;a_6;['julian', 'nike', 'line', 'stephan'];[];<function calc1MinusConfusionFromMaxTargetSignal at 0x7f8144b17140>;TrainError;0.123163477463;meanF1Score;0.77164426008913245;usedGestures;[6];_instance;2;inputSignals;FGA;useNormalized;1;input_scaling;1.3999999999999999;output_dim;60;spectral_radius;0.9900000000000001;useSparse;True;leak_rate;1;ridge_param;0.001;SparseNode;_instance;[2];output_dim;[60];useNormalized;[1];useSparse;[True];leak_rate;[1];input_scaling;[1.4];spectral_radius;[0.99];inputSignals;[FGA];RidgeRegressionNode;ridge_param;[0.001];gridSpace:;input_scaling;[ 0.2  0.5  0.8  1.1  1.4  1.7];useNormalized;[1];_instance;[0, 1, 2, 3, 4, 5];output_dim;[15, 30, 60, 120];leak_rate;[1, 0.1, 0.01];useSparse;[True];spectral_radius;[ 0.09  0.39  0.69  0.99  1.29];inputSignals;['FGA'];ridge_param;[1, 0.001, 0.0001];paraList;[array([ 0.2,  0.5,  0.8,  1.1,  1.4,  1.7]), [1], [0, 1, 2, 3, 4, 5], [15, 30, 60, 120], [1, 0.1, 0.01], [True], array([ 0.09,  0.39,  0.69,  0.99,  1.29]), ['FGA'], [1, 0.001, 0.0001]];=HYPERLINK("/informatik2/students/home/2tietz/pythonProjects/BA_Analysis2/BA_Analysis/results/pdf/2016-03-29-19-21_a_6.pdf");=HYPERLINK("/informatik2/students/home/2tietz/pythonProjects/BA_Analysis2/BA_Analysis/results/npz/2016-03-29-19-21_a_6.npz")
2016-03-29 19:25:41.738163;a_7;['julian', 'nike', 'line', 'stephan'];[];<function calc1MinusConfusionFromMaxTargetSignal at 0x7f8144b17140>;TrainError;0.0790549698488;meanF1Score;0.81509856409652115;usedGestures;[7];_instance;2;inputSignals;FGA;useNormalized;1;input_scaling;1.0999999999999999;output_dim;30;spectral_radius;0.089999999999999997;useSparse;True;leak_rate;0.1;ridge_param;0.0001;SparseNode;_instance;[2];output_dim;[30];useNormalized;[1];useSparse;[True];leak_rate;[0.1];input_scaling;[1.1];spectral_radius;[0.09];inputSignals;[FGA];RidgeRegressionNode;ridge_param;[0.0001];gridSpace:;input_scaling;[ 0.2  0.5  0.8  1.1  1.4  1.7];useNormalized;[1];_instance;[0, 1, 2, 3, 4, 5];output_dim;[15, 30, 60, 120];leak_rate;[1, 0.1, 0.01];useSparse;[True];spectral_radius;[ 0.09  0.39  0.69  0.99  1.29];inputSignals;['FGA'];ridge_param;[1, 0.001, 0.0001];paraList;[array([ 0.2,  0.5,  0.8,  1.1,  1.4,  1.7]), [1], [0, 1, 2, 3, 4, 5], [15, 30, 60, 120], [1, 0.1, 0.01], [True], array([ 0.09,  0.39,  0.69,  0.99,  1.29]), ['FGA'], [1, 0.001, 0.0001]];=HYPERLINK("/informatik2/students/home/2tietz/pythonProjects/BA_Analysis2/BA_Analysis/results/pdf/2016-03-29-19-25_a_7.pdf");=HYPERLINK("/informatik2/students/home/2tietz/pythonProjects/BA_Analysis2/BA_Analysis/results/npz/2016-03-29-19-25_a_7.npz")
2016-03-29 19:29:28.466482;a_8;['julian', 'nike', 'line', 'stephan'];[];<function calc1MinusConfusionFromMaxTargetSignal at 0x7f8144b17140>;TrainError;0.0960155841656;meanF1Score;0.8571089875587492;usedGestures;[8];_instance;3;inputSignals;FGA;useNormalized;1;input_scaling;0.20000000000000001;output_dim;30;spectral_radius;0.089999999999999997;useSparse;True;leak_rate;0.1;ridge_param;0.0001;SparseNode;_instance;[3];output_dim;[30];useNormalized;[1];useSparse;[True];leak_rate;[0.1];input_scaling;[0.2];spectral_radius;[0.09];inputSignals;[FGA];RidgeRegressionNode;ridge_param;[0.0001];gridSpace:;input_scaling;[ 0.2  0.5  0.8  1.1  1.4  1.7];useNormalized;[1];_instance;[0, 1, 2, 3, 4, 5];output_dim;[15, 30, 60, 120];leak_rate;[1, 0.1, 0.01];useSparse;[True];spectral_radius;[ 0.09  0.39  0.69  0.99  1.29];inputSignals;['FGA'];ridge_param;[1, 0.001, 0.0001];paraList;[array([ 0.2,  0.5,  0.8,  1.1,  1.4,  1.7]), [1], [0, 1, 2, 3, 4, 5], [15, 30, 60, 120], [1, 0.1, 0.01], [True], array([ 0.09,  0.39,  0.69,  0.99,  1.29]), ['FGA'], [1, 0.001, 0.0001]];=HYPERLINK("/informatik2/students/home/2tietz/pythonProjects/BA_Analysis2/BA_Analysis/results/pdf/2016-03-29-19-29_a_8.pdf");=HYPERLINK("/informatik2/students/home/2tietz/pythonProjects/BA_Analysis2/BA_Analysis/results/npz/2016-03-29-19-29_a_8.npz")
2016-03-29 19:34:33.223378;a_9;['julian', 'nike', 'line', 'stephan'];[];<function calc1MinusConfusionFromMaxTargetSignal at 0x7f8144b17140>;TrainError;0.110508968425;meanF1Score;0.94031549249812474;usedGestures;[9];_instance;4;inputSignals;FGA;useNormalized;1;input_scaling;0.5;output_dim;60;spectral_radius;0.39000000000000001;useSparse;True;leak_rate;0.1;ridge_param;0.0001;RidgeRegressionNode;ridge_param;[0.0001];SparseNode;_instance;[4];output_dim;[60];useNormalized;[1];useSparse;[True];leak_rate;[0.1];input_scaling;[0.5];spectral_radius;[0.39];inputSignals;[FGA];gridSpace:;input_scaling;[ 0.2  0.5  0.8  1.1  1.4  1.7];useNormalized;[1];_instance;[0, 1, 2, 3, 4, 5];output_dim;[15, 30, 60, 120];leak_rate;[1, 0.1, 0.01];useSparse;[True];spectral_radius;[ 0.09  0.39  0.69  0.99  1.29];inputSignals;['FGA'];ridge_param;[1, 0.001, 0.0001];paraList;[[1, 0.001, 0.0001], array([ 0.2,  0.5,  0.8,  1.1,  1.4,  1.7]), [1], [0, 1, 2, 3, 4, 5], [15, 30, 60, 120], [1, 0.1, 0.01], [True], array([ 0.09,  0.39,  0.69,  0.99,  1.29]), ['FGA']];=HYPERLINK("/informatik2/students/home/2tietz/pythonProjects/BA_Analysis2/BA_Analysis/results/pdf/2016-03-29-19-34_a_9.pdf");=HYPERLINK("/informatik2/students/home/2tietz/pythonProjects/BA_Analysis2/BA_Analysis/results/npz/2016-03-29-19-34_a_9.npz")
2016-03-29 21:54:42.930077;b_0;['julian', 'nike', 'line', 'stephan'];[];<function calc1MinusConfusionFromMaxTargetSignal at 0x7ff3a4ca9140>;TrainError;0.237347270647;meanF1Score;0.49221267123930856;usedGestures;[0];_instance;2;inputSignals;FGA;useNormalized;1;input_scaling;0.5;output_dim;120;spectral_radius;0.9900000000000001;useSparse;True;leak_rate;0.1;ridge_param;0.0001;SparseNode;_instance;[2];output_dim;[120];useNormalized;[1];useSparse;[True];leak_rate;[0.1];input_scaling;[0.5];spectral_radius;[0.99];inputSignals;[FGA];RidgeRegressionNode;ridge_param;[0.0001];gridSpace:;input_scaling;[ 0.2  0.5  0.8  1.1  1.4  1.7];useNormalized;[1];_instance;[0, 1, 2, 3, 4, 5];output_dim;[15, 30, 60, 120];leak_rate;[1, 0.1, 0.01];useSparse;[True];spectral_radius;[ 0.09  0.39  0.69  0.99  1.29];inputSignals;['FGA'];ridge_param;[1, 0.001, 0.0001];paraList;[array([ 0.2,  0.5,  0.8,  1.1,  1.4,  1.7]), [1], [0, 1, 2, 3, 4, 5], [15, 30, 60, 120], [1, 0.1, 0.01], [True], array([ 0.09,  0.39,  0.69,  0.99,  1.29]), ['FGA'], [1, 0.001, 0.0001]];=HYPERLINK("/informatik2/students/home/2tietz/pythonProjects/BA_Analysis2/BA_Analysis/results/pdf/2016-03-29-21-54_b_0.pdf");=HYPERLINK("/informatik2/students/home/2tietz/pythonProjects/BA_Analysis2/BA_Analysis/results/npz/2016-03-29-21-54_b_0.npz")
2016-03-29 22:20:35.167300;b_1;['julian', 'nike', 'line', 'stephan'];[];<function calc1MinusConfusionFromMaxTargetSignal at 0x7ff3a4ca9140>;TrainError;0.28293272889;meanF1Score;0.49339732541880804;usedGestures;[1];_instance;1;inputSignals;FGA;useNormalized;1;input_scaling;1.7;output_dim;120;spectral_radius;0.9900000000000001;useSparse;True;leak_rate;0.01;ridge_param;1;SparseNode;_instance;[1];output_dim;[120];useNormalized;[1];useSparse;[True];leak_rate;[0.01];input_scaling;[1.7];spectral_radius;[0.99];inputSignals;[FGA];RidgeRegressionNode;ridge_param;[1];gridSpace:;input_scaling;[ 0.2  0.5  0.8  1.1  1.4  1.7];useNormalized;[1];_instance;[0, 1, 2, 3, 4, 5];output_dim;[15, 30, 60, 120];leak_rate;[1, 0.1, 0.01];useSparse;[True];spectral_radius;[ 0.09  0.39  0.69  0.99  1.29];inputSignals;['FGA'];ridge_param;[1, 0.001, 0.0001];paraList;[array([ 0.2,  0.5,  0.8,  1.1,  1.4,  1.7]), [1], [0, 1, 2, 3, 4, 5], [15, 30, 60, 120], [1, 0.1, 0.01], [True], array([ 0.09,  0.39,  0.69,  0.99,  1.29]), ['FGA'], [1, 0.001, 0.0001]];=HYPERLINK("/informatik2/students/home/2tietz/pythonProjects/BA_Analysis2/BA_Analysis/results/pdf/2016-03-29-22-20_b_1.pdf");=HYPERLINK("/informatik2/students/home/2tietz/pythonProjects/BA_Analysis2/BA_Analysis/results/npz/2016-03-29-22-20_b_1.npz")
2016-03-29 22:46:40.025775;b_2;['julian', 'nike', 'line', 'stephan'];[];<function calc1MinusConfusionFromMaxTargetSignal at 0x7ff3a4ca9140>;TrainError;0.155605856677;meanF1Score;0.86447357504355771;usedGestures;[2];_instance;3;inputSignals;FGA;useNormalized;1;input_scaling;1.3999999999999999;output_dim;120;spectral_radius;0.69000000000000006;useSparse;True;leak_rate;0.1;ridge_param;0.0001;SparseNode;_instance;[3];output_dim;[120];useNormalized;[1];useSparse;[True];leak_rate;[0.1];input_scaling;[1.4];spectral_radius;[0.69];inputSignals;[FGA];RidgeRegressionNode;ridge_param;[0.0001];gridSpace:;input_scaling;[ 0.2  0.5  0.8  1.1  1.4  1.7];useNormalized;[1];_instance;[0, 1, 2, 3, 4, 5];output_dim;[15, 30, 60, 120];leak_rate;[1, 0.1, 0.01];useSparse;[True];spectral_radius;[ 0.09  0.39  0.69  0.99  1.29];inputSignals;['FGA'];ridge_param;[1, 0.001, 0.0001];paraList;[array([ 0.2,  0.5,  0.8,  1.1,  1.4,  1.7]), [1], [0, 1, 2, 3, 4, 5], [15, 30, 60, 120], [1, 0.1, 0.01], [True], array([ 0.09,  0.39,  0.69,  0.99,  1.29]), ['FGA'], [1, 0.001, 0.0001]];=HYPERLINK("/informatik2/students/home/2tietz/pythonProjects/BA_Analysis2/BA_Analysis/results/pdf/2016-03-29-22-46_b_2.pdf");=HYPERLINK("/informatik2/students/home/2tietz/pythonProjects/BA_Analysis2/BA_Analysis/results/npz/2016-03-29-22-46_b_2.npz")
2016-03-29 23:12:38.405511;b_3;['julian', 'nike', 'line', 'stephan'];[];<function calc1MinusConfusionFromMaxTargetSignal at 0x7ff3a4ca9140>;TrainError;0.263770154821;meanF1Score;0.60688758934372966;usedGestures;[3];_instance;5;inputSignals;FGA;useNormalized;1;input_scaling;1.3999999999999999;output_dim;120;spectral_radius;1.2900000000000003;useSparse;True;leak_rate;0.1;ridge_param;0.0001;SparseNode;_instance;[5];output_dim;[120];useNormalized;[1];useSparse;[True];leak_rate;[0.1];input_scaling;[1.4];spectral_radius;[1.29];inputSignals;[FGA];RidgeRegressionNode;ridge_param;[0.0001];gridSpace:;input_scaling;[ 0.2  0.5  0.8  1.1  1.4  1.7];useNormalized;[1];_instance;[0, 1, 2, 3, 4, 5];output_dim;[15, 30, 60, 120];leak_rate;[1, 0.1, 0.01];useSparse;[True];spectral_radius;[ 0.09  0.39  0.69  0.99  1.29];inputSignals;['FGA'];ridge_param;[1, 0.001, 0.0001];paraList;[array([ 0.2,  0.5,  0.8,  1.1,  1.4,  1.7]), [1], [0, 1, 2, 3, 4, 5], [15, 30, 60, 120], [1, 0.1, 0.01], [True], array([ 0.09,  0.39,  0.69,  0.99,  1.29]), ['FGA'], [1, 0.001, 0.0001]];=HYPERLINK("/informatik2/students/home/2tietz/pythonProjects/BA_Analysis2/BA_Analysis/results/pdf/2016-03-29-23-12_b_3.pdf");=HYPERLINK("/informatik2/students/home/2tietz/pythonProjects/BA_Analysis2/BA_Analysis/results/npz/2016-03-29-23-12_b_3.npz")
2016-03-29 23:38:40.881189;b_4;['julian', 'nike', 'line', 'stephan'];[];<function calc1MinusConfusionFromMaxTargetSignal at 0x7ff3a4ca9140>;TrainError;0.243398734467;meanF1Score;0.51507842780389901;usedGestures;[4];_instance;5;inputSignals;FGA;useNormalized;1;input_scaling;1.3999999999999999;output_dim;120;spectral_radius;1.2900000000000003;useSparse;True;leak_rate;0.1;ridge_param;0.001;RidgeRegressionNode;ridge_param;[0.001];SparseNode;_instance;[5];output_dim;[120];useNormalized;[1];useSparse;[True];leak_rate;[0.1];input_scaling;[1.4];spectral_radius;[1.29];inputSignals;[FGA];gridSpace:;input_scaling;[ 0.2  0.5  0.8  1.1  1.4  1.7];useNormalized;[1];_instance;[0, 1, 2, 3, 4, 5];output_dim;[15, 30, 60, 120];leak_rate;[1, 0.1, 0.01];useSparse;[True];spectral_radius;[ 0.09  0.39  0.69  0.99  1.29];inputSignals;['FGA'];ridge_param;[1, 0.001, 0.0001];paraList;[[1, 0.001, 0.0001], array([ 0.2,  0.5,  0.8,  1.1,  1.4,  1.7]), [1], [0, 1, 2, 3, 4, 5], [15, 30, 60, 120], [1, 0.1, 0.01], [True], array([ 0.09,  0.39,  0.69,  0.99,  1.29]), ['FGA']];=HYPERLINK("/informatik2/students/home/2tietz/pythonProjects/BA_Analysis2/BA_Analysis/results/pdf/2016-03-29-23-38_b_4.pdf");=HYPERLINK("/informatik2/students/home/2tietz/pythonProjects/BA_Analysis2/BA_Analysis/results/npz/2016-03-29-23-38_b_4.npz")
2016-03-30 00:04:33.331141;b_5;['julian', 'nike', 'line', 'stephan'];[];<function calc1MinusConfusionFromMaxTargetSignal at 0x7ff3a4ca9140>;TrainError;0.333346338518;meanF1Score;0.48976848394324118;usedGestures;[5];_instance;0;inputSignals;FGA;useNormalized;1;input_scaling;0.5;output_dim;120;spectral_radius;0.089999999999999997;useSparse;True;leak_rate;0.1;ridge_param;0.0001;SparseNode;_instance;[0];output_dim;[120];useNormalized;[1];useSparse;[True];leak_rate;[0.1];input_scaling;[0.5];spectral_radius;[0.09];inputSignals;[FGA];RidgeRegressionNode;ridge_param;[0.0001];gridSpace:;input_scaling;[ 0.2  0.5  0.8  1.1  1.4  1.7];useNormalized;[1];_instance;[0, 1, 2, 3, 4, 5];output_dim;[15, 30, 60, 120];leak_rate;[1, 0.1, 0.01];useSparse;[True];spectral_radius;[ 0.09  0.39  0.69  0.99  1.29];inputSignals;['FGA'];ridge_param;[1, 0.001, 0.0001];paraList;[array([ 0.2,  0.5,  0.8,  1.1,  1.4,  1.7]), [1], [0, 1, 2, 3, 4, 5], [15, 30, 60, 120], [1, 0.1, 0.01], [True], array([ 0.09,  0.39,  0.69,  0.99,  1.29]), ['FGA'], [1, 0.001, 0.0001]];=HYPERLINK("/informatik2/students/home/2tietz/pythonProjects/BA_Analysis2/BA_Analysis/results/pdf/2016-03-30-00-04_b_5.pdf");=HYPERLINK("/informatik2/students/home/2tietz/pythonProjects/BA_Analysis2/BA_Analysis/results/npz/2016-03-30-00-04_b_5.npz")
2016-03-30 00:30:36.048869;b_6;['julian', 'nike', 'line', 'stephan'];[];<function calc1MinusConfusionFromMaxTargetSignal at 0x7ff3a4ca9140>;TrainError;0.339490472339;meanF1Score;0.4930874000637106;usedGestures;[6];_instance;2;inputSignals;FGA;useNormalized;1;input_scaling;1.3999999999999999;output_dim;120;spectral_radius;0.69000000000000006;useSparse;True;leak_rate;0.1;ridge_param;0.0001;SparseNode;_instance;[2];output_dim;[120];useNormalized;[1];useSparse;[True];leak_rate;[0.1];input_scaling;[1.4];spectral_radius;[0.69];inputSignals;[FGA];RidgeRegressionNode;ridge_param;[0.0001];gridSpace:;input_scaling;[ 0.2  0.5  0.8  1.1  1.4  1.7];useNormalized;[1];_instance;[0, 1, 2, 3, 4, 5];output_dim;[15, 30, 60, 120];leak_rate;[1, 0.1, 0.01];useSparse;[True];spectral_radius;[ 0.09  0.39  0.69  0.99  1.29];inputSignals;['FGA'];ridge_param;[1, 0.001, 0.0001];paraList;[array([ 0.2,  0.5,  0.8,  1.1,  1.4,  1.7]), [1], [0, 1, 2, 3, 4, 5], [15, 30, 60, 120], [1, 0.1, 0.01], [True], array([ 0.09,  0.39,  0.69,  0.99,  1.29]), ['FGA'], [1, 0.001, 0.0001]];=HYPERLINK("/informatik2/students/home/2tietz/pythonProjects/BA_Analysis2/BA_Analysis/results/pdf/2016-03-30-00-30_b_6.pdf");=HYPERLINK("/informatik2/students/home/2tietz/pythonProjects/BA_Analysis2/BA_Analysis/results/npz/2016-03-30-00-30_b_6.npz")
2016-03-30 00:56:33.941520;b_7;['julian', 'nike', 'line', 'stephan'];[];<function calc1MinusConfusionFromMaxTargetSignal at 0x7ff3a4ca9140>;TrainError;0.304941415801;meanF1Score;0.4914688748647475;usedGestures;[7];_instance;1;inputSignals;FGA;useNormalized;1;input_scaling;1.7;output_dim;120;spectral_radius;0.089999999999999997;useSparse;True;leak_rate;0.1;ridge_param;0.0001;SparseNode;_instance;[1];output_dim;[120];useNormalized;[1];useSparse;[True];leak_rate;[0.1];input_scaling;[1.7];spectral_radius;[0.09];inputSignals;[FGA];RidgeRegressionNode;ridge_param;[0.0001];gridSpace:;input_scaling;[ 0.2  0.5  0.8  1.1  1.4  1.7];useNormalized;[1];_instance;[0, 1, 2, 3, 4, 5];output_dim;[15, 30, 60, 120];leak_rate;[1, 0.1, 0.01];useSparse;[True];spectral_radius;[ 0.09  0.39  0.69  0.99  1.29];inputSignals;['FGA'];ridge_param;[1, 0.001, 0.0001];paraList;[array([ 0.2,  0.5,  0.8,  1.1,  1.4,  1.7]), [1], [0, 1, 2, 3, 4, 5], [15, 30, 60, 120], [1, 0.1, 0.01], [True], array([ 0.09,  0.39,  0.69,  0.99,  1.29]), ['FGA'], [1, 0.001, 0.0001]];=HYPERLINK("/informatik2/students/home/2tietz/pythonProjects/BA_Analysis2/BA_Analysis/results/pdf/2016-03-30-00-56_b_7.pdf");=HYPERLINK("/informatik2/students/home/2tietz/pythonProjects/BA_Analysis2/BA_Analysis/results/npz/2016-03-30-00-56_b_7.npz")
2016-03-30 01:22:36.816600;b_8;['julian', 'nike', 'line', 'stephan'];[];<function calc1MinusConfusionFromMaxTargetSignal at 0x7ff3a4ca9140>;TrainError;0.156932890805;meanF1Score;0.83933008912287521;usedGestures;[8];_instance;2;inputSignals;FGA;useNormalized;1;input_scaling;0.80000000000000004;output_dim;120;spectral_radius;0.39000000000000001;useSparse;True;leak_rate;0.1;ridge_param;0.0001;RidgeRegressionNode;ridge_param;[0.0001];SparseNode;_instance;[2];output_dim;[120];useNormalized;[1];useSparse;[True];leak_rate;[0.1];input_scaling;[0.8];spectral_radius;[0.39];inputSignals;[FGA];gridSpace:;input_scaling;[ 0.2  0.5  0.8  1.1  1.4  1.7];useNormalized;[1];_instance;[0, 1, 2, 3, 4, 5];output_dim;[15, 30, 60, 120];leak_rate;[1, 0.1, 0.01];useSparse;[True];spectral_radius;[ 0.09  0.39  0.69  0.99  1.29];inputSignals;['FGA'];ridge_param;[1, 0.001, 0.0001];paraList;[[1, 0.001, 0.0001], array([ 0.2,  0.5,  0.8,  1.1,  1.4,  1.7]), [1], [0, 1, 2, 3, 4, 5], [15, 30, 60, 120], [1, 0.1, 0.01], [True], array([ 0.09,  0.39,  0.69,  0.99,  1.29]), ['FGA']];=HYPERLINK("/informatik2/students/home/2tietz/pythonProjects/BA_Analysis2/BA_Analysis/results/pdf/2016-03-30-01-22_b_8.pdf");=HYPERLINK("/informatik2/students/home/2tietz/pythonProjects/BA_Analysis2/BA_Analysis/results/npz/2016-03-30-01-22_b_8.npz")
2016-03-30 01:48:35.327112;b_9;['julian', 'nike', 'line', 'stephan'];[];<function calc1MinusConfusionFromMaxTargetSignal at 0x7ff3a4ca9140>;TrainError;0.114550244437;meanF1Score;0.64330140602150854;usedGestures;[9];_instance;4;inputSignals;FGA;useNormalized;1;input_scaling;0.5;output_dim;30;spectral_radius;1.2900000000000003;useSparse;True;leak_rate;0.1;ridge_param;0.0001;SparseNode;_instance;[4];output_dim;[30];useNormalized;[1];useSparse;[True];leak_rate;[0.1];input_scaling;[0.5];spectral_radius;[1.29];inputSignals;[FGA];RidgeRegressionNode;ridge_param;[0.0001];gridSpace:;input_scaling;[ 0.2  0.5  0.8  1.1  1.4  1.7];useNormalized;[1];_instance;[0, 1, 2, 3, 4, 5];output_dim;[15, 30, 60, 120];leak_rate;[1, 0.1, 0.01];useSparse;[True];spectral_radius;[ 0.09  0.39  0.69  0.99  1.29];inputSignals;['FGA'];ridge_param;[1, 0.001, 0.0001];paraList;[array([ 0.2,  0.5,  0.8,  1.1,  1.4,  1.7]), [1], [0, 1, 2, 3, 4, 5], [15, 30, 60, 120], [1, 0.1, 0.01], [True], array([ 0.09,  0.39,  0.69,  0.99,  1.29]), ['FGA'], [1, 0.001, 0.0001]];=HYPERLINK("/informatik2/students/home/2tietz/pythonProjects/BA_Analysis2/BA_Analysis/results/pdf/2016-03-30-01-48_b_9.pdf");=HYPERLINK("/informatik2/students/home/2tietz/pythonProjects/BA_Analysis2/BA_Analysis/results/npz/2016-03-30-01-48_b_9.npz")
